id,title,content,owner_id
1,Introduction to FastAPI,FastAPI is a modern fast web framework for building APIs with Python.,1
2,Understanding ORM Concepts,Object-Relational Mapping lets developers interact with databases using Python classes.,1
3,RAG Architectures in 2026,Retrieval-Augmented Generation combines vector search with LLMs for better context.,2
4,Deploying Python Apps on AWS,Learn how to configure Docker containers and ECS for scalable web applications.,2
5,Mastering Async Programming,Asynchronous Python with asyncio and FastAPI handles concurrent requests efficiently.,1
6,Introduction to PostgreSQL,PostgreSQL is a powerful open-source object-relational database system.,3
7,Building Multi-Agent Systems,Frameworks like CrewAI and LangGraph make orchestrating autonomous AI teams seamless.,2
8,Python Pandas Data Cleaning,Data analysis starts with handling missing values and normalizing dataframes effectively.,3
9,Dockerizing FastAPI Services,Containerization ensures your application runs identically in development and production.,1
10,Introduction to Tailwind CSS,Utility-first CSS framework for rapidly building custom user interfaces without leaving HTML.,4
11,Automated Testing with Pytest,Writing robust test suites using TestClient ensures your API endpoints remain bug-free.,1
12,Database Migrations with Alembic,Alembic handles schema changes and version control for SQLAlchemy models smoothly.,4
13,Optimizing SQL Queries,Indexes and proper query structuring drastically reduce database response latency.,3
14,Building E-Commerce APIs,Secure payment gateways and inventory tracking form the core of modern online stores.,5
15,Introduction to React Hooks,State management and side effects become cleaner using functional component hooks.,4
16,Securing Endpoints with JWT,JSON Web Tokens provide a stateless secure method for authenticating API requests.,1
17,Rooftop Organic Gardening,Cultivating vegetables at home promotes sustainability and provides fresh organic produce.,5
18,Data Visualization with Power BI,Dashboards transform raw data rows into actionable business insights visually.,3
19,Advanced Git Workflows,Branching strategies and pull request reviews streamline collaborative software development.,2
20,Learning German Grammar,Consistent daily vocabulary practice accelerates language acquisition up to B2 level.,5